ts,elapsed_s,rss_mb,fd_count,cpu_pct,driver_q,driver_e,panic_count,error_high
2026-10-08T14:43:01,15,97.0,28,85.7,00,00,00,0
2026-10-08T14:43:16,30,114.4,28,67.0,8369,00,00,0
2026-10-08T14:43:31,45,121.9,28,65.6,8369,00,00,0
2026-10-08T14:43:46,60,122.8,28,92.2,16407,00,00,0
2026-10-08T14:44:02,75,102.0,28,94.2,16623,00,00,0
2026-10-08T14:44:17,91,115.5,28,72.2,25096,00,00,0
2026-10-08T14:44:32,106,127.7,28,129.2,32785,00,00,0
2026-10-08T14:44:47,121,144.8,28,185.6,39908,00,00,0
2026-10-08T14:45:02,136,175.7,28,266.0,48628,00,00,0
2026-10-08T14:45:17,151,191.8,28,263.3,57847,00,00,0
2026-10-08T14:45:32,166,208.4,28,282.9,65877,00,00,0
2026-10-08T14:45:48,181,224.0,28,315.1,73616,00,00,0
2026-10-08T14:46:03,197,231.4,28,280.0,81655,00,00,0
2026-10-08T14:46:18,212,253.1,28,341.7,89547,00,00,0
2026-10-08T14:46:33,227,253.7,28,330.3,96500,00,00,0
2026-10-08T14:46:48,242,257.8,28,337.0,103629,00,00,0
2026-10-08T14:47:03,257,247.9,28,346.0,109339,00,00,0
2026-10-08T14:47:18,272,257.2,28,370.3,113696,00,00,0
2026-10-08T14:47:34,288,271.0,28,329.3,121617,00,00,0
2026-10-08T14:47:49,303,281.9,12,0.1,129017,00,00,0
