|	supp_nation	|	cust_nation	|	l_year	|	volume	|
+-------------+-------------+--------+--------------------+
|	GERMANY	|	FRANCE	|	1992	|	52792662.287099995	|
|	GERMANY	|	FRANCE	|	1993	|	53782420.02429996	|
|	GERMANY	|	FRANCE	|	1994	|	51983163.654499985	|
|	GERMANY	|	FRANCE	|	1995	|	52039106.17419992	|
|	GERMANY	|	FRANCE	|	1996	|	52815304.228799835	|
|	GERMANY	|	FRANCE	|	1997	|	54126729.90699999	|
|	GERMANY	|	FRANCE	|	1998	|	30761617.842299998	|
+-------------+-------------+--------+--------------------+
